会社名,住所,電話番号,,,,
寿司・割烹　歌幸,福岡県糟屋郡新宮町下府1-7-3　新宮中学校近く,092-962-1050,,,,
株式会社新生ヘルスケア,〒812-0013　福岡県福岡市博多区博多駅東2-8-11 3F,0120-307-358,,,,
東洋ビル管理株式会社,福岡市博多区博多駅南1-2-15 事務機ビル8F(本社),092-473-0211,,,,
株式会社コアズ,福岡県福岡市博多区博多駅東 1-13-6　いちご博多イーストビル 7F,092-452-3117,,,,
株式会社こざき,福岡県福岡市博多区吉塚8丁目2-8,096-352-5291,,,,
株式会社浪川運輸,福岡県糟屋郡新宮町的野603-5,092-963-2661,,,,
株式会社リメックス,大阪府大阪市淀川区西中島7丁目6-12,"
0929813761
",,,,
株式会社　崇建.,福岡県糟屋郡須恵町須恵346-54,080-5212-4466,,,,
株式会社サムライEXP,糟屋郡久山町山田1332-1,092-976-4132,,,,
株式会社コア・セキュリティ,福岡市南区横手4-7-16(本社),092-558-6143,,,,
株式会社コア・セキュリティ,福岡市南区横手4-7-16(本社),092-558-6143,,,,
高原ミネラル株式会社　「福岡営業所」,福岡県糟屋郡須恵町大字旅石912-1,092-410-4487,,,,
高原ミネラル株式会社　「福岡営業所」,福岡県糟屋郡須恵町大字旅石912-1,092-410-4487,,,,
株式会社あつまるホールディング　「福岡支店」,福岡県福岡市博多区綱場町8-23朝日生命福岡昭和ビル4F,092-262-1188,,,,
筑豊振興株式会社,福岡県糟屋郡久山町久原2956-1(本社),092-976-0070,,,,
株式会社　キューブツ,糟屋郡志免町別府東3丁目2-8,092-937-9171,,,,
株式会社　キューブツ,糟屋郡志免町別府東3丁目2-8,092-937-9171,,,,
福陽会ヘルパーステーション,〒811-3414　宗像市光岡284番　トリアーダ宗像内,0940-36-1103,,,,
株式会社　やすや酒販,福岡市東区松島1-15-26,092-622-2485,,,,
有限会社　三好設備,糟屋郡須恵町大字植木1885,092-719-1461,,,,
HOTEL　葉山パレス,福岡市博多区西月隈6-4-32,080-4073-4279,,,,
ヘアメイク　シスル,福岡市中央区今泉2-3-21 松永ビル2階,092-713-6263,,,,
(株)日本メディクス, 福岡市博多区比恵町2-7 博多東エースビル4F,092-432-5888,,,,
株式会社　毎日急行　「福岡支店」,福岡市東区箱崎ふ頭5-5-3,092-632-0197,,,,
三甲株式会社　「九州第一工場」,福岡県古賀市青柳3550,092-404-3535,,,,
ジーピーエム株式会社,福岡市早良区飯倉5丁目1-7,080-6406-5544,,,,
株式会社　協和設備工業,福岡県糟屋郡篠栗町尾仲494番地1,092-947-5895,,,,
株式会社　米田商会,福岡市西区拾六町2丁目2番15号,092-894-2306,,,,
株式会社　平成ジャパン,福岡県大野城市御笠川3丁目15-10(本社),0120-573-212,,,,
秋山商運株式会社,福岡県糟屋郡須恵町須恵481,092-934-0838,,,,
有限会社　快,福岡県糟屋郡篠栗町中央1-4-21　岩下ビル3F,092-947-8553,,,,
株式会社コムカット,福岡市南区的場2丁目21番地1号,092-571-1971,,,,
日鹸運輸有限会社　「福岡営業所」,福岡営業所／糟屋郡粕屋町柚須162-1,092-626-7833,,,,
株式会社　喜誠,福岡県糟屋郡志免町田富1-5-1,092-937-3880,,,,
株式会社　藤木運送,福岡県糟屋郡篠栗町大字田中4-4-18,0968-38-2509,,,,
有限会社　松本電設,太宰府市朱雀1-7-18,092-925-5682,,,,
焼鳥　黒のれん,福岡市博多区吉塚8-2-35【福岡営業所 SPセンター】,092-477-8805,,,,
ペット霊園　動愛園,福岡市博多区吉塚8-1-9　(博多斎場),092-327-9520,,,,
RED SANS株式会社　「九州営業所」,福岡市東区土井2-43-8,092-410-6841,,,,
㈱ほっとエコライフ「福岡営業所」,福岡県福岡市博多区豊1-1-12,"
 092-432-8250
",,,,
親和交通株式会社,福岡市博多区東光2-20-28　千代田ビル(本社営業所),092-473-8811,,,,
有限会社　中村産業,福岡県糟屋郡粕屋町大字仲原1833,092-938-3395,,,,
㈱ほっとエコライフ「福岡営業所」,福岡県福岡市博多区博多駅中央街5-11 第13泰平ビル4階7号室,"
 092-432-8250
",,,,
Thanks警備株式会社,那珂川市今光1-80　高木ビル101(那珂川本社),092-951-2588,,,,
ダイコク運輸株式会社,糟屋郡粕屋町江辻935-1,092-939-0188,,,,
セブンイレブン福岡草香江2丁目店,福岡市中央区草香江2-8-22(草香江2丁目店),092-716-1133,,,,
株式会社　博多屋　「福重工場」,福岡市西区福重1-8-1　(いずみ幼稚園横),092-882-7200,,,,
シューロジ株式会社　「多の津センター」,福岡市東区多の津5丁目29-6,092-624-7230,,,,
平和建設有限会社,福岡県那珂川市恵子2-7-8,092-952-1183,,,,
株式会社西日本ワンダー社　「筑豊営業所」,福岡県飯塚市幸袋83-2-1　　(〒820-0066),0948-43-9003,,,,
株式会社　島開発,福岡市博多区博多駅前2丁目17-14　8F,092-474-8333,,,,
株式会社　ファイブ,福岡市博多区千代1-17-1(受付),080-6459-2219,,,,
ルッソ　「高松店」,香川県高松市鍛冶屋町1−5 FKビル3F,087-851-2870,,,,
カノア,東京都渋谷区恵比寿西2-7-1 スズキビル4階,03-6416-3463,,,,
スペース・ガード・システム株式会社,〒812-0034　福岡県福岡市博多区下呉服町9-22,092-281-0503,,,,
株式会社　運輸総合整備,福岡県糟屋郡須恵町佐谷1159-2,092-932-2020,,,,
株式会社明装舎,本社:福岡市中央区大手門3-12-25,092-741-0322,,,,
株式会社　一丸九通商,福岡県那珂川市大字西畑1373番地3,092-407-2618,,,,
株式会社　一丸九通商,福岡県那珂川市大字西畑1373番地3,092-407-2618,,,,
有限会社　西尾運送,福岡県糟屋郡志免町田富4-5-22,092-937-2005,,,,
クリーニング洗光舎　惣利工場,福岡県春日市惣利2-14,092-596-7807,,,,
田崎自動車株式会社,〒818-0104　福岡県太宰府市通古賀4-9-5,092-922-7235,,,,
有限会社堀兄弟運送　粕屋営業所,福岡県糟屋郡須恵町植木2047-42,092-939-5744,,,,
株式会社シンメイ,〒812-0016　福岡県福岡市博多区博多駅南1-7-16　オーリン7号ビル1F(本社),092-432-6226,,,,
株式会社サンキ,福岡県糟屋郡須恵町植木1446-1　国分(株)総合FLC内,092-937-8111,,,,
九北物流株式会社,福岡県糟屋郡新宮町的野585-1,092-503-0861,,,,
株式会社セイワタクト　古賀営業所,福岡県古賀市古賀116,092-944-3905,,,,
株式会社福岡興発,〒811-1356　福岡県福岡市南区花畑2-35-23　セントラルビル2F,092-566-2600,,,,
東海工業㈱　早良営業所,福岡市早良区原8丁目17-9,0120-566-717,,,,
東海工業㈱　粕屋営業所,福岡県糟屋郡志免町別府北2丁目13番13号,0120-001-433,,,,
株式会社リードサクセス,〒810-0012　福岡市中央区白金1丁目17-15　アレグリア白金4F,096-245-6024,,,,
有限会社　今泉交通,福岡県糟屋郡須恵町植木607-8,092-935-0047,,,,
株式会社　運輸総合整備,福岡県糟屋郡須恵町佐谷1159-2,092-932-2020,,,,
環筑運転代行　環境筑紫株式会社,福岡県筑紫野市二日市北5丁目7番10号,092-924-4860,,,,
結婚成立所ベルバンク,福岡市博多区博多駅東1-10-30　富士機博多駅東ビル6F,092-409-0076,,,,
クリーニング洗光舎　ラクレイス西新店,福岡市早良区西新2-7-8,092-596-7807,,,,
熊本酸素株式会社　「福岡営業所」,福岡県福岡市博多区那珂5-3-30,"
	096-355-3321　本社担当/山口・上村
",,,,
東海警備保障株式会社,〒812-0043　福岡県福岡市博多区堅粕3-1-19　YSビル304,0120-870-670,,,,
株式会社ファインロジテック　本社営業所,福岡県糟屋郡新宮町立花口2308-2,092-962-0086,,,,
山口県中央貨物株式会社,福岡県糟屋郡久山町久原3205-1(福岡営業所),083-288-1020,,,,
株式会社エスプラン,〒816-0848　福岡県春日市白水池3-63,"
0925933930
",,,,
ATUホールディングス株式会社,福岡市博多区博多駅前4-33-1　KMビル3F,092-710-5681,,,,
株式会社こざき,福岡県福岡市博多区吉塚8丁目2-8,096-352-5291,,,,
株式会社アスクメンテナンス,福岡市東区香椎浜3丁目12−1(勤務地),096-285-5841,,,,
山口県中央貨物株式会社,福岡県糟屋郡久山町久原3205-1(福岡営業所),083-288-1020,,,,
九州海陸運送協同組合　宇美自動車工場,福岡県糟屋郡宇美町大字宇美3351-7,092-933-3581,,,,
環境筑紫株式会社,筑紫野市山家3730-81,092-919-8730,,,,
株式会社西博運輸,奈良県生駒市西白庭台2-14-2(関西営業所　生駒車庫),0940-72-6537,,,,
短期入所事業所　心伸～しん～,福岡県福岡市博多区御供所町2-52　3F,090-3733-4171,,,,
結婚成立所ベルバンク,福岡県福岡市博多区博多駅東1丁目1-28 ウェル博多ビル 9F,092-402-9991,,,,
株式会社SIDE,福岡県大野城市乙金東3丁目10-9-2F(本社),092-985-0115,,,,
家庭料理の店　まいどおおきに食堂　福岡篠栗食堂,福岡県糟屋郡篠栗町津波黒166-1(福岡篠栗食堂),092-931-5511,,,,
株式会社あつまるホールディングス　福岡支店,福岡市博多区綱場町8-23 朝日生命福岡昭和通ビル4F,092-262-1188,,,,
株式会社シンコー,福岡県福岡市中央区天神4-7-17　シンコービル1F(福岡税務署近く),0120-719-615,,,,
株式会社サン・メンテナンス,〒812-0016　福岡県福岡市博多区博多駅南2-1-5　博多サンシティビル305号,092-482-0622,,,,
株式会社福岡興発,〒811-1356　福岡県福岡市南区花畑2-35-23　セントラルビル2F,092-566-2600,,,,
有限会社春日環清,〒816-0847　福岡県春日市大土居2-123,092-592-3444,,,,
株式会社シンメイ,糸島市前原中央2-10-32(糸島営業所),092-332-3737,,,,
環境筑紫株式会社,筑紫野市二日市北5丁目7番10号,092-919-8730,,,,
有限会社シップ,福岡県糟屋郡久山町大字猪野878-47,092-976-6011,,,,
株式会社　Y's　BASE(ワイズベース),福岡市東区多の津4丁目6-23　2F,092-409-4417,,,,
江川商運有限会社,福岡県糟屋郡久山町猪野575(本社),092-410-0757,,,,
環境筑紫株式会社,福岡県筑紫野市二日市北5丁目7番10号,092-919-8730,,,,
三栄ビルサービス株式会社,福岡市博多区榎田1-10-21,092-451-5628,,,,
有限会社福博中央自動車,福岡市博多区東比恵3-20-19,092-411-5052,,,,
環境筑紫株式会社,福岡県筑紫野市山家3730-81,092-919-8730,,,,
株式会社天水工,筑紫野市二日市西4丁目2−12,092-586-9273,,,,
株式会社福岡興発,〒811-1356　福岡県福岡市南区花畑2-35-23　セントラルビル2F,092-566-2600,,,,
マッチングガイド株式会社,福岡市博多区博多駅前4丁目33-1 KMビル2階,090-2391-3353,,,,
東海警備保障株式会社,〒812-0043　福岡県福岡市博多区堅粕3-1-19　YSビル304,0120-870-670,,,,
九北物流株式会社,〒816-0912　福岡県大野城市御笠川5-6-16,092-503-0861,,,,
株式会社　安武,糟屋郡粕屋町上大隈427(本社),092-938-7650,,,,
有限会社シップ,福岡県糟屋郡久山町大字猪野878-47,092-976-6011,,,,
株式会社シーナコーポレーション,福岡市中央区渡辺通5-20-7　上野ビル6階,092-791-8425,,,,
株式会社　安武,糟屋郡粕屋町上大隈427(本社),092-938-7650,,,,
株式会社新生ヘルスケア,〒812-0013　福岡県福岡市博多区博多駅東2-8-11 3F,0120-307-358,,,,
有限会社藤よし,〒810-0002　福岡県福岡市中央区西中洲9-6,092-761-5692,,,,
環境筑紫株式会社,福岡市博多区立花寺159,092-919-8730,,,,
株式会社明装舎,福岡市博多区下川端町2-1(勤務地),092-741-0322,,,,
有限会社福博中央自動車,福岡市博多区東比恵3-20-19,092-411-5052,,,,
大福物流　粕屋営業所,福岡県糟屋郡粕屋町大字戸原637,092-719-0551,,,,
株式会社　前田産業　広島支店,熊本市南区野田3丁目13番1号(本社),096-358-6600,,,,
株式会社　運輸総合整備,福岡県糟屋郡須恵町佐谷1159-2,092-932-2020,,,,
株式会社アンク,福岡市博多区東比恵1-3-30　D-C-Ⅱビル3F,0120-315-213,,,,
有限会社堀兄弟運送　筑豊営業所,福岡県飯塚市勢田2593-11(サテライト隣),092-939-5744,,,,
株式会社ハートワークコーポレーション,福岡県福岡市西区福重3丁目25-11(本社営業所),092-892-1122,,,,
株式会社明装舎,本社:福岡市中央区大手門3-12-25,092-741-0322,,,,
株式会社SIDE,福岡県大野城市乙金東3丁目10-9-2F(本社),092-985-0115,,,,
株式会社協立ガードシステム,〒810-0074　福岡県福岡市中央区大手門3-7-5,092-791-6358,,,,
株式会社J．TEC,〒811-1253　福岡県那珂川市仲1丁目117-1,092-953-3268,,,,
株式会社松田,福岡県福岡市東区箱崎ふ頭5-4-10,092-651-5055,,,,
有限会社山田自動車,福岡県大野城市山田2-13-1,092-501-5678,,,,
東海警備保障株式会社,〒812-0043　福岡県福岡市博多区堅粕3-1-19　YSビル304,0120-870-670,,,,
株式会社　安武,糟屋郡粕屋町上大隈427(本社),092-938-7650,,,,
株式会社Nコーポレーション,〒812-0038　福岡県福岡市博多区祇園町2-35　プレスト博多祇園ビル5F,092-263-1777,,,,
有限会社福博中央自動車,福岡市博多区東比恵3-20-19,092-411-5052,,,,
株式会社西博運輸,福岡県宗像市光岡585(本社),0940-72-6537,,,,
株式会社A‐CAST,福岡市博多区沖浜町7−1,092-737-7727,,,,
株式会社アンク,福岡県大野城市仲畑2-8-19　オフィスパレア仲畑Ⅶ4号室,092-502-5505,,,,
株式会社西博運輸,奈良県生駒市西白庭台2-14-2(関西営業所　生駒車庫),0940-72-6537,,,,
博多いけす料理　第8八千代丸,〒812-0028　福岡県福岡市博多区須崎町6-25,092-262-1136,,,,
家庭料理の店　まいどおおきに食堂　福岡久山食堂,福岡県糟屋郡糟屋郡久山町久原3211(福岡久山食堂),092-931-5511,,,,
株式会社ナガノ,福岡県福岡市中央区白金2-15-7,092-534-4460,,,,
株式会社　永井運送　「福岡営業所」,福岡県糟屋郡新宮町的野81-14,0964-32-7315,,,,
江川商運有限会社,福岡県糟屋郡久山町猪野575(本社),092-410-0757,,,,
江川商運有限会社,福岡県糟屋郡久山町猪野575(本社),092-410-0757,,,,
株式会社サン・メンテナンス,〒812-0016　福岡県福岡市博多区博多駅南2-1-5　博多サンシティビル305号(本社・面接場所),092-482-0622,,,,
株式会社　安武,糟屋郡粕屋町上大隈427(本社),092-938-7650,,,,
環境筑紫株式会社,福岡市博多区立花寺159,"
0929198730
",,,,
株式会社九州児湯フーズ「福岡本社」,福岡県太宰府市水城1-25-5,092-921-5571,,,,
株式会社　協栄開発,福岡県糟屋郡粕屋町大字戸原637番地,092-621-7888,,,,
東洋ビル管理株式会社,福岡市博多区博多駅南1-2-15 事務機ビル8F(本社),092-473-0211,,,,
家庭料理の店　まいどおおきに食堂　福岡貝塚食堂,福岡県福岡市東区箱崎7-10-67(福岡貝塚食堂),092-931-5511,,,,
株式会社セイワタクト　古賀営業所,福岡県古賀市古賀116,092-944-3905,,,,
株式会社アンク,福岡市博多区東比恵1-3-30　D-C-Ⅱビル3F,0120-315-213,,,,
福岡マリンサービス株式会社,〒810-0075　福岡県福岡市中央区港2-5-55,"
0927119011
",,,,
東洋ビル管理株式会社,福岡市博多区博多駅南1-2-15 事務機ビル8F(本社),092-473-0211,,,,
東海工業㈱　早良営業所,福岡市早良区原8丁目17-9,0120-566-717,,,,
吉浦運送株式会社,福岡県福岡市中央区那の津 3-14-14,092-771-5171,,,,
株式会社ネクサス,福岡県福岡市東区箱崎ふ頭5-1-19,090-4513-8962,,,,
有限会社　西尾運送,福岡県糟屋郡志免町田富4-5-22,092-937-2005,,,,
株式会社　藤木運送,〒811-2416　福岡県糟屋郡篠栗町大字田中4-4-18,0968-38-2509,,,,
博多運輸株式会社,福岡市博多区沖浜町11-27(本社),092-281-6007,,,,
江崎商運株式会社　「宇美営業所」,福岡県糟屋郡宇美町障子岳南5丁目8-18(宇美営業所),092-934-1169,,,,
質みなみ　「高砂店」,福岡県福岡市東区筥松新町2-23(本社),092-623-8877,,,,
ダイコク運輸　株式会社,福岡県糟屋郡粕屋町江辻935-1,092-939-0188,,,,
株式会社　毎日急行　「福岡支店」,福岡市東区箱崎ふ頭5-5-3,092-632-0197,,,,
江崎商運株式会社　「宇美営業所」,福岡県糟屋郡宇美町障子岳南5丁目8-18(宇美営業所),092-934-1169,,,,
博多運輸株式会社,福岡市博多区沖浜町11-27(本社),092-281-6007,,,,
有限会社　東福産業サービス,福岡県糟屋郡新宮町立花口446-8,080-4692-7865,,,,
システム物流(株)　「福岡支店」,福岡県糟屋郡久山町久原3236　(株)肥後産業内,092-609-9993,,,,
丸恵産業株式会社,福岡県糟屋郡篠栗町大字和田98-1,092-947-2088,,,,
株式会社　三心設備,福岡市早良区西入部2-16-9(事務所),092-400-1046,,,,
有限会社　エーエムケイサービス,福岡県糟屋郡宇美町大字井野270-1,092-933-1161,,,,
上野電気　株式会社,糟屋郡篠栗町大字尾仲697-2,092-260-7196,,,,
(株)博多いもっ子屋,福岡市南区大楠1丁目21-10(本社),092-534-8211,,,,
株式会社エス・ケイ・エス電工,糟屋郡志免町別府北4-5-20,092-710-6659,,,,
P-Tech(ピーテック),福岡市早良区野芥8-16-24,080-5260-7395,,,,
有限会社　今村空調,福岡市東区松崎2-2-11,092-682-5758,,,,
セレポート福岡有限会社,福岡県糟屋郡宇美町宇美4-12-19,092-957-9100,,,,
宝満設備工業株式会社,福岡市早良区四箇6丁目4-6,092-707-6440,,,,
株式会社　夢LIST,那珂川市西畑592-4,080-3907-1448,,,,
株式会社　泉平　「福岡支店 福岡DC」,福岡県糟屋郡新宮町的野字古森668番,092-962-9800,,,,
清水興産株式会社,福岡市博多区諸岡3丁目25番21号,092-582-2871,,,,
有限会社　岩本運送,福岡市東区箱崎ふ頭4丁目13-3,0947-42-2586,,,,
株式会社 ケイ・エム運輸機工,福岡県糟屋郡須恵町植木字大間1429-5,093-434-5246,,,,
いこいの里　糸島,糸島市荻浦5丁目10番1号,092-330-7700,,,,
西村鈑金株式会社,春日市昇町7丁目96番地,090-8915-0217,,,,
三和テクノシステム　有限会社 「博多営業所」,福岡市博多区博多駅前3-12-3　玉井親和ビル2-B,092-477-3623,,,,
九州乳業(株)　福岡オフィス,福岡県春日市桜ヶ丘1-23-2,097-586-4135,,,,
株式会社新井興産「AKS」,本社/福岡市博多区千代5-21-5　新井ビル1F,092-651-8983,,,,
株式会社エイジョウ,福岡県筑紫野市大字古賀195-1,092-408-4280,,,,
有限会社　協立運送,福岡県飯塚市有安958-8,0948-31-1100,,,,
有限会社　T2Logi,福岡県古賀市青柳1318-1,090-5694-4287,,,,
医療法人　聖恵会　福岡聖恵病院,福岡県古賀市鹿部482,092-942-6181,,,,
松豊物輸有限会社,古賀市薬王寺1868-1,092-946-9880,,,,
株式会社　鮮魚まるやす,福岡市中央区長浜2-3-35(魚市場正門前),092-712-8811,,,,
株式会社R.S.E,福岡県筑紫野市武蔵5-12-3,090-7923-5676,,,,
西電興産株式会社,福岡県古賀市駅東3-3-1,092-940-4033,,,,
株式会社トータルスタッフ　「西営業所」,福岡県福岡市早良区室見4丁目19-7,092-845-3344,,,,
有限会社　福岡マイクロ工業,福岡県糟屋郡粕屋町大字仲原1772-1,092-621-4000,,,,
有限会社ヨシタケ金物,大野城市乙金東1-1-12,092-504-3711,,,,
石橋清掃舎　株式会社,福岡市博多区堅粕4丁目24-18(面接地),090-9078-8125,,,,
北設備工業株式会社,福岡市東区多の津4丁目12-35,092-621-1836,,,,
株式会社粕屋環境,福岡県糟屋郡須恵町大字須恵384-1(事務所),092-957-0570,,,,
株式会社ワイズモータース,福岡県糟屋郡志免町南里2-11-11,092-692-9333,,,,
株式会社新井興産「AKS」,本社/福岡市博多区千代5-21-5　新井ビル1F,092-651-8983,,,,
有限会社インテリアコニシ,福岡市南区大楠3丁目24-10　大楠館101,090-8914-2801,,,,
わものや福岡ももち店(株式会社BANKANわものや),〒810-8639　福岡県福岡市中央区地行浜2-2-1　MARK IS 福岡ももち店内,080-5811-1002,,,,
児童発達支援　おひさま,大野城市横峰1丁目3-5,080-4696-8270,,,,
牛乳輸送株式会社　「テジマ駐在所」,福岡市東区多の津1-18-8　テジマ内,090-4481-3486,,,,
特別養護老人ホーム ケアイン博多,〒812-0892　福岡県福岡市博多区東那珂1丁目8-8,092-452-0005,,,,
株式会社八女急送「福岡営業所」,糟屋郡宇美町若草2丁目10-7,0943-30-2882,,,,
株式会社　鮮魚まるやす,福岡市中央区長浜2-3-35(魚市場正門前),092-712-8811,,,,
清美装業,福岡市南区平和2丁目23-18-101,092-524-2003,,,,
西日本ジェット・ライン(株),福岡県糟屋郡久山町大字久原3226-5,092-976-4936,,,,
グリーンワークエンタープライズ,福岡市南区寺塚1-22-12,092-986-1920,,,,
株式会社F.Tamaya,糟屋郡須惠町植木1265-7,092-935-5566,,,,
特別養護老人ホーム　薔薇の樹苑,福岡市博多区元町2-1-7,092-571-6500,,,,
バイクエクスプレス有限会社,福岡県福岡市中央区六本松3-7-3　1F,092-734-0555,,,,
株式会社　守エクスプレス,福岡県糟屋郡須恵町旅石557-1,092-935-2591,,,,
株式会社　アスワン,福岡市城南区神松寺1-23-32-101,092-212-5555,,,,
(株)博多いもっ子屋,福岡市南区大楠1丁目21-10(本社),092-534-8211,,,,
有限会社　光代急送,福岡県糟屋郡須恵町大字植木245-1,092-936-4603,,,,
株式会社　幸栄トランスポート,福岡県太宰府市大字北谷986-1,080-8589-7735,,,,
株式会社トータルスタッフ　「宗像営業所」,福岡県宗像市田熊4-8-8,0940-72-6512,,,,
有限会社　ダイヤ縫製工業所,福岡県糟屋郡宇美町桜原3-21-17,092-933-3787,,,,
篠栗交通株式会社,福岡県糟屋郡久山町大字久原1894番,"
 092-609-9916　採用担当
",,,,
㈱エヌエーメタル,飯塚市平恒132-31,0948-21-0301,,,,
わものや福岡ももち店(株式会社BANKANわものや),〒810-8639　福岡県福岡市中央区地行浜2-2-1　MARK IS 福岡ももち店内,080-5811-1002,,,,
株式会社　夢LIST,那珂川市西畑592-4,080-3907-1448,,,,
株式会社ハピネス31,福岡市博多区板付1丁目4番31号-701(事務所),070-5275-4239,,,,
 Eロジスティクス株式会社,福岡県糟屋郡宇美町障子岳南5-8-18　江崎商運2F,092-957-6198,,,,
九大興業株式会社,福岡市東区舞松原1-5-4,0120-357-450,,,,
富士観光バス株式会社　「博多営業所」,福岡市博多区東那珂2丁目10-55 原まるまん第一ビル101号,092-402-0168,,,,
ふくちゃんラーメン　英美,〒811-3423　宗像市野坂2648-1　ユアーズプラザ,0940-37-0034,,,,
ビーサポート株式会社,福岡県糟屋郡宇美町障子岳南5丁目3番10号,092-934-3140,,,,
スリーF　security,福岡市博多区博多駅南1丁目5番27号　グリーンハイツ502号,092-292-7538,,,,
金城重機株式会社,福岡県糟屋郡粕屋町仲原3丁目9-7,080-2003-2991,,,,
株式会社　壮栄,福岡県福岡市博多区千代5-1-28,092-651-7722,,,,
有限会社　池工業,福岡市西区大字羽根戸570-1,092-812-6835,,,,
株式会社　樋本商会,福岡市城南区長尾5-22-7　2F,092-873-1222,,,,
株式会社セネック,福岡県大野城市御笠川2-3-17(面接地),092-503-9811,,,,
江崎商運株式会社　,太宰府市吉松2丁目1-15,092-581-1677,,,,
有限会社　弥生タクシー,福岡市早良区南庄2丁目13-7,092-821-5355,,,,
ビーサポート株式会社,福岡県糟屋郡宇美町障子岳南5丁目3番10号,092-934-3140,,,,
清水株式会社,福岡市博多区諸岡3丁目25番21号,092-582-2871,,,,
西運物流有限会社,福岡県筑紫野市岡田310-8(九州日観植物取引所敷地内),090-4997-3006,,,,
株式会社　東丘,福岡市博多区豊1丁目4番3号　重松倉庫1階,0120-109-399,,,,
富士観光バス株式会社　「博多営業所」,福岡市博多区東那珂2丁目10-55 (原まるまん第一ビル101号),092-402-0168,,,,
有限会社　光明工業,福岡市博多区堅粕2丁目13番13号　御笠橋商店街内,092-641-5515,,,,
株式会社　泉平,福岡県糟屋郡新宮町的野字古森668番,092-962-9800,,,,
株式会社　西日本通商,福岡県太宰府市通古賀1-6-7,092-834-4796,,,,
タイム,福岡市南区塩原3-8-28　ケイエスビル2F(福岡南警察署前),080-1781-5936,,,,
有限会社志免事業センター,福岡県糟屋郡志免町王子1丁目5-2,092-935-0680,,,,
株式会社　ING・ワールド,福岡市西区大字橋本487-2(橋本車両基地近く),092-812-1181,,,,
株式会社　ING・ワールド,福岡市西区大字橋本487-2(橋本車両基地近く),092-812-1181,,,,
株式会社　花山組,福岡市東区馬出3-2-21　ゆめタウン近く,092-632-8605,,,,
株式会社白寿生科学研究所「福岡白寿館」,福岡市中央区天神4-6-7,092-712-8910,,,,
株式会社　シンクオアスイム,福岡市東区松香台1-20-11　201,092-710-3797,,,,
(株)樋口精肉店,福岡市博多区御供所町5-8,092-271-2727,,,,
有限会社なかしま,福岡市中央区天神1-4-1　博多大丸本館8F,090-3601-1655,,,,
ドゥ　システム,那珂川市松木2丁目64,090-3198-8045,,,,
株式会社セネック,福岡県大野城市御笠川2-3-17(面接地),092-503-9811,,,,
大協通運株式会社,糟屋郡須恵町植木1418,092-400-1911,,,,
株式会社　五代,福岡市西区福重2-13-6,092-882-5555,,,,
株式会社白寿生科学研究所「ハクジュプラザ高宮店」,福岡市南区大楠3-1-25,092-712-8910,,,,
株式会社重信,春日市紅葉ヶ丘東5-136,092-588-6698,,,,
粕屋軽運送有限会社,福岡県糟屋郡篠栗町乙犬868-4(事務所),090-5928-8958,,,,
壱岐運送有限会社　「福岡営業所」,福岡市東区松島6-6-30,092-623-2300,,,,
株式会社松下運輸　「福岡営業所」,福岡県宮若市高野608番地3,0949-52-1226,,,,
株式会社　KYOWA,福岡市東区多の津5丁目41-2,090-6637-7117,,,,
Hi-電設ENG株式会社,福岡市西区羽根戸685-2(施工センター),092-287-7918,,,,
西日本ジェット・ライン(株),福岡県糟屋郡久山町大字久原3226-5,092-976-4936,,,,
株式会社NSKメンテナンス,福岡市博多区井相田1-10-1-103,092-585-1180,,,,
ジャパンロジ株式会社　本社,鳥栖市田代昌町字石町478番地1,0942-50-8114,,,,
株式会社トータルスタッフ 「香椎営業所」,福岡市東区水谷2丁目11-39,092-609-9288,,,,
大協通運株式会社,糟屋郡須恵町植木1418,092-400-1911,,,,
(株)ツカサ創研　福岡本店,福岡市中央区今泉1丁目12-8　天神QRビル6階,096-235-2351,,,,
株式会社　ハナヤマ,福岡市東区松島1丁目28-36,092-409-8906,,,,
株式会社ニシボ,福岡市南区横手3丁目39-19,092-592-6533,,,,
三栄ホームサービス株式会社,福岡市早良区田隈1丁目27-1 1F,092-843-1166,,,,
福岡酒井物産株式会社,福岡市博多区金の隈2-4-33,092-503-2111,,,,
いこいの里　糸島,糸島市荻浦5丁目10番1号,092-330-7700,,,,
吉浦運送株式会社,福岡県糟屋郡志免町南里4-16-1,092-935-0291,,,,
ケアステーション　ホワイトクローバー,福岡市南区玉川町7-28　日野山第二ビル102,092-408-1290,,,,
リフレッシュ・アルファ―(株),福岡市博多区上牟田1-28-25三弘エアポートビル,092-436-7711,,,,
九州乳業 株式会社,福岡県春日市桜ヶ丘1-23-2,097-586-4135,,,,
環九州物流株式会社　「福岡本社」,筑紫野市大字諸田293-2,080-7034-8076,,,,
大三運輸株式会社,福岡市西区吉武61-1,092-811-7579,,,,
こうのえユニット,福岡市南区若久6丁目24,080-5627-9067,,,,
株式会社藤原運輸,福岡県糟屋郡篠栗町乙犬844-1,092-948-3220,,,,
甲斐整骨院(株式会社SGメディカル),〒810-0022 福岡県福岡市中央区薬院1丁目10-14-102,092-791-5433,,,,
RS万事屋(よろずや),福岡市博多区銀天町3-6-27　株式会社エイジス,0120-00-4628,,,,
江崎商運株式会社　,福岡市博多区井相田1丁目12-1,092-581-1677,,,,
有限会社 井脇商店　(王子グループ),福岡県大野城市御笠川1-16-4,092-504-0570,,,,
元祖肉肉うどん　大橋店,福岡市南区向野2-12-21,090-2133-1100,,,,
有限会社　七福運送,福岡県糟屋郡粕屋町仲原2546-1(本社),092-611-3151,,,,
福岡機材販売株式会社,福岡県那珂川市松木2丁目174番地,092-953-2281,,,,
株式会社　五代,福岡市西区福重2-13-6,092-882-5555,,,,
マルサンフレッシュ株式会社　「本社営業所」,那珂川市埋金802-8,092-555-5428,,,,
有限会社志免事業センター,福岡県糟屋郡志免町王子1丁目5-2,092-935-0680,,,,
株式会社 一創,筑紫野市大字古賀195-6,092-918-3372,,,,
五興運輸有限会社,福岡県糟屋郡志免町南里2丁目11-5,080-3904-2576,,,,
有限会社　七福運送,福岡県糟屋郡粕屋町仲原2546-1(本社),092-611-3151,,,,
那珂プラス株式会社,福岡市南区野間1-9-18-1F,090-4584-2345,,,,
リソー警備　株式会社,福岡市南区折立町5-18,092-558-7488,,,,
有限会社　七福運送,福岡県糟屋郡粕屋町仲原2546-1(本社),092-611-3151,,,,
松豊物輸有限会社,古賀市薬王寺1868-1,092-946-9880,,,,
有限会社　はまけん興業,福岡市南区皿山4-14-8　ハマケンビル,0120-92-0008,,,,
ユーエム商事株式会社,福岡市南区塩原2-9-12,092-552-3200,,,,
株式会社ヒロケン,福岡県大野城市乙金1丁目3-1,092-503-1888,,,,
麻雀あばうと,福岡市博多区博多駅南4-2-10　南近代ビル地下1階,092-473-6434,,,,
株式会社　GODAI,福岡県糟屋郡宇美町宇美3426-1,092-692-5310,,,,
株式会社CLライン,糟屋郡宇美町ゆりが丘2-14-1,092-934-0852,,,,
株式会社セネック,福岡県大野城市御笠川2-3-17(面接地),092-503-9811,,,,
ヤマトオートワークス株式会社　福岡BOX工場,福岡県福岡市東区蒲田3-27-16,092-931-7335,,,,
株式会社　ファイブ,福岡市博多区千代1-17-1(受付),080-6459-2219,,,,
鮨金(すしきん)　新天町,福岡市中央区天神2-8-222(新天町南通り),092-731-8133,,,,
株式会社　共栄,飯塚市大字津島281-82,0948-29-7060,,,,
株式会社FUKUSOH,〒813-0062　福岡市東区松島3-23-1　2F,092-624-9251,,,,
障がい者グループホーム　ターニーホーム,福岡県糟屋郡宇美町貴船1-18-27,090-7452-5171,,,,
グローバルトランスポート株式会社　「博多営業所」,福岡市博多区東月隈5丁目13-7,0120-567-789,,,,
西日本油脂工業株式会社,筑紫野市大字山家2832番地1号,092-926-1639,,,,
株式会社藤原運輸,福岡県糟屋郡篠栗町乙犬844-1,092-948-3220,,,,
有限会社　安全自動車,福岡県飯塚市川津19-1,0948-22-3914,,,,
ペリカン運輸有限会社,福岡県糟屋郡志免町志免1-20-10,092-935-0015,,,,
有限会社　光代急送,福岡県糟屋郡須恵町大字植木245-1,092-936-4603,,,,
株式会社トータルスタッフ　「粕屋出張所」,糟屋郡粕屋町花ヶ浦1丁目7-1,092-932-4621,,,,
株式会社オフィス早田,糟屋郡粕屋町長者原東4-7-30,092-710-5755,,,,
大関鉱油株式会社,大野城市仲畑1丁目8-21,092-582-5588,,,,
patisserie/la feve ラ・フェーヴ,那珂川市仲1-123,092-953-5003,,,,
RS万事屋(よろずや),福岡市博多区銀天町3-6-27　株式会社エイジス,0120-00-4628,,,,
フレスカー　「福岡インター店」,糟屋郡粕屋町大隈452-3,0942-94-3717,,,,
RS万事屋(よろずや),福岡市博多区銀天町3-6-27　株式会社エイジス,0120-00-4628,,,,
いこいの里　糸島,糸島市荻浦5丁目10番1号,092-330-7700,,,,
株式会社山口運送　「福岡支店」,福岡県糟屋郡粕屋町内橋西3丁目8-12,092-939-5012,,,,
西運物流有限会社,福岡県筑紫野市岡田310-8(九州日観植物取引所敷地内),090-4997-3006,,,,
株式会社　三愛美装センター,福岡市早良区野芥8丁目1番5号,092-804-1487,,,,
株式会社　ワールド警備保障,福岡市早良区小田部4-10-3　アクシス小田部103,092-707-6226,,,,
株式会社　イノウエ塗料産業,福岡市博多区半道橋1丁目11-8,092-411-6603,,,,
環九州物流株式会社　「福岡本社」,筑紫野市大字諸田293-2,080-7034-8076,,,,
㈱ライフ・クリーンサービス,福岡市中央区平尾3丁目25-1,090-8391-6504,,,,
(株)樋口精肉店,福岡市博多区御供所町5-8,092-271-2727,,,,
株式会社 パレベストプラン,福岡市博多区東比恵3-16-28,092-452-5280,,,,
株式会社　イワサキ,福岡県糟屋郡粕屋町大字上大隈397-1　(粕屋警察署近く),092-410-3220,,,,
株式会社新井興産「AKS」,本社/福岡市博多区千代5-21-5　新井ビル1F,092-651-8983,,,,
松豊物輸有限会社,古賀市薬王寺1868-1,092-946-9880,,,,
株式会社Rezell,福岡県糟屋郡篠栗町乙犬896-2,092-692-1471,,,,
Hi-電設ENG株式会社,福岡市西区羽根戸685-2(施工センター),092-287-7918,,,,
株式会社　JETLINK　グループ,糟屋郡粕屋町上大隈661-2,092-624-3939,,,,
いこいの里　糸島,糸島市荻浦5丁目10番1号,092-330-7700,,,,
小川建設株式会社,大野城市上大利4丁目5-20,092-596-5318,,,,
株式会社　JETLINK　グループ,糟屋郡粕屋町上大隈661-2,092-624-3939,,,,
株式会社クリエイタス,福岡市中央区地行浜1丁目8番1号,092-735-0013,,,,
有限会社　須崎興運,福岡市東区松島4-6-23,092-731-2888,,,,
有限会社　リソー,福岡市早良区昭代1-16-3　2F,092-852-7798,,,,
(有)オーエム・トランスポート,福岡県太宰府市大字北谷川久保400-1,092-921-1353,,,,
株式会社エムエスロジ,福岡市博多区井相田1-13-5,092-558-3488,,,,
株式会社　ING・ワールド,福岡市西区大字橋本487-2(橋本車両基地近く),092-812-1181,,,,
㈱ラポート,事務所/福岡市博多区吉塚1-28-6　青雲ビル1階3号,092-402-2694,,,,
株式会社三歩工業,福岡県福岡市東区筥松1-16-2,092-409-2125,,,,
宝満設備工業株式会社,福岡市早良区四箇6丁目4-6,092-707-6440,,,,
ケアステーション　ホワイトクローバー,福岡市南区玉川町7-28　日野山第二ビル102,092-408-1290,,,,
株式会社　東丘「南営業所」,福岡市南区塩原1-16-13,0120-928-316,,,,
㈲小田商会,福岡市中央区大手門2-6-21,090-3077-9387,,,,
株式会社　ジョブ・ブレーン,福岡県北九州市八幡西区星ヶ丘2丁目16-9(本社),080-4319-8078,,,,
株式会社チームアクト,福岡市東区箱崎1-33-15-2F,092-402-0362,,,,
アングレント,福岡市博多区祇園町8-23　岡本祇園ビル7F,092-263-3001,,,,
有限会社　岩本運送,福岡県田川郡川崎町大字池尻743番地,0947-42-2586,,,,
SANTA　ANA　garden　博多リバレイン店,福岡市博多区下川端町3-1　博多リバレインモール1F,0942-47-2277,,,,
株式会社 西九ライン,〒812-0857　福岡市博多区西月隈2-5-5,092-431-8625,,,,
合屋タクシー株式会社,福岡県糟屋郡宇美町宇美5丁目9-6,092-932-0077,,,,
有限会社　協立運送,福岡県飯塚市有安958-8,0948-31-1100,,,,
株式会社　sink　or　swim(シンクオアスイム),那珂川市恵子4-11-1(福岡本社),092-710-3797,,,,
AIグローバルホールディングス株式会社,東京都千代田区大手町1-7-2　東京サンケイビル27F,070-5496-1967,,,,
コンフェックス㈱　「福岡支店」,福岡市東区多の津1-14-1　FRCビル 3F 313号,03-6878-8758,,,,
株式会社　東丘「南営業所」,福岡市南区塩原1-16-13,0120-928-316,,,,
森内燃機工業株式会社,糟屋郡宇美町ゆりが丘4丁目2番6号,092-933-7840,,,,
北設備工業株式会社,福岡市東区多の津4丁目12-35,092-621-1836,,,,
株式会社 ケイ・エム運輸機工,福岡県糟屋郡須恵町植木字大間1429-5,093-434-5246,,,,
株式会社　平松冷熱,糟屋郡篠栗町中央3丁目9-1 　オフィスパレア篠栗1　B3,092-410-4410,,,,
稲永タイル,福岡県糟屋郡須恵町新原274-137,090-3073-9815,,,,
有限会社　フジコムサービス,福岡市博多区榎田1丁目4-50　青木ビル1-4号,092-412-5368,,,,
株式会社　東丘,福岡市博多区豊1丁目4番30号　1F,0120-109-399,,,,
株式会社　みどり工業,福岡市博多区堅粕1-1-6　堅粕団地6棟(博多駅近く),092-409-5228,,,,
特別養護老人ホーム ケアイン博多,〒812-0892 福岡県福岡市博多区東那珂1丁目8-8,092-452-0005,,,,
北設備工業株式会社,福岡市東区多の津4丁目12-35,092-621-1836,,,,
博多温泉 旅館　富士の苑,福岡市南区三宅3丁目19番7号,092-551-4126,,,,
プロスライン株式会社,福岡県糟屋郡新宮町立花口1445-4,092-941-5506,,,,
高山運送株式会社,福岡県太宰府市御笠2-457-2,092-928-7077,,,,
ウチダエクスプレス株式会社,福岡市東区箱崎ふ頭4-1-35,092-632-2148,,,,
トヨタ自動車九州株式会社,〒823-0015　宮若市上有木1番地,0949-34-4089,,,,
株式会社セネック,福岡県大野城市御笠川2-3-17(面接地),092-503-9811,,,,
広真ビルテック株式会社,福岡市中央区大名2-2-42　ケイワンビル3F,092-781-5643,,,,
COTTONFIELDS(コットンフィールズ),福岡市博多区中洲4-2-15　メインストリートビル　B1F,092-271-5130,,,,
ジャパンロジ株式会社　本社,鳥栖市田代昌町字石町478番地1,0942-50-8114,,,,
富士観光バス株式会社　「博多営業所」,福岡市博多区東那珂2丁目10-55 原まるまん第一ビル101号,092-402-0168,,,,
松豊物輸有限会社,飯塚市有安889,092-946-9880,,,,
株式会社ニューワシントンリネン,大野城市仲畑1-21-19,092-501-0077,,,,
パチンコ　スリーセブングループ,鹿児島県大島郡和泊町玉城1761-2,090-7296-9999,,,,
福岡液化石油ガス事業協同組合,〒812-0015　福岡市博多区山王1丁目10-15,092-413-2202,,,,
フロンタル株式会社,福岡県糟屋郡須恵町大字佐谷495-1,092-692-8202,,,,
システム物流(株)　「福岡支店」,福岡県糟屋郡久山町久原3236　(株)肥後産業内,092-609-9993,,,,
井上総合自動車,福岡県糟屋郡篠栗町津波黒2丁目17-10,092-947-7002,,,,
株式会社栄和建設,福岡県糸島市有田中央2-3-20  (〒819-1127),0120-946-134,,,,
株式会社　タカ・コーポレーション,福岡県福岡市博多区博多駅南4-3-18,092-411-4405,,,,
医療法人聖恵会,福岡県古賀市鹿部482,092-942-6181,,,,
天神運輸　有限会社,福岡市東区千早1丁目44-24,092-681-3431,,,,
株式会社　幸栄トランスポート,福岡県太宰府市大字北谷986-1,080-8589-7735,,,,
やまのこ保育園,福岡県糟屋郡篠栗町金出3412-12,092-947-8667,,,,
ブロック+プログラミング教室　Kicks×curefus,筑紫野市二日市中央4丁目11番1号 二日市ビル3-B,0120-665-581,,,,
コンフェックス㈱　「福岡支店」,福岡市東区多の津1-14-1　FRCビル 3F 313号,03-6878-8758,,,,
株式会社　ファイブ,福岡市博多区千代1-17-1(受付),080-6459-2219,,,,
株式会社トータルスタッフ　「筑紫野営業所」,筑紫野市塔原東4丁目4-1,092-921-6187,,,,
松豊物輸有限会社,飯塚市有安889,092-946-9880,,,,
第一物流株式会社　「福岡営業所」,福岡営業所/糟屋郡新宮町立花口2271,092-963-0810,,,,
有限会社　エーエムケイサービス,福岡県糟屋郡宇美町大字井野270-1,092-933-1161,,,,
A・Gグループ株式会社,福岡市東区原田3-7-56,070-7586-7365,,,,
,,,,,,
,,,,,,
